Disease,Foods/Ingredients Not Recommended,Total Calories of Not Recommended Foods,Recommended Foods
Diabetes,"Rice, Burger, Coffee, Energy Drinks, Pasta",1360,"Herbal Tea, Green Tea, Seeds, Lean Meat"
Hypertension,"Soda, Tea, Cream, Fried Chicken, Pasta",1574,"Quinoa, Low-fat Yogurt, Seeds, Avocado"
Celiac Disease,"Soda, Pizza, Cookies",1034,"Egg Whites, Whole Grains, Smoothies"
Lactose Intolerance,"Bread, Energy Drinks, Chocolate, Ice Cream, Pizza",1281,"Oats, Sweet Potatoes, Whole Grains"
Irritable Bowel Syndrome,"Candy, Tea, Coffee, Pasta, Butter",1908,"Oats, Low-fat Yogurt"
Anemia,"Cheese, Rice, Tea",766,"Brown Rice, Avocado, Tofu, Sweet Potatoes"
Hyperthyroidism,"Chips, Energy Drinks",489,"Quinoa, Sweet Potatoes, Fish, Beans"
Hypothyroidism,"Burger, Cookies, Chips, Bread, Chocolate",1728,"Nuts, Quinoa, Seeds"
Gout,"Tea, Bread, Soda",1150,"Lean Meat, Low-fat Yogurt, Beans, Tofu"
Arthritis,"Fried Chicken, Cheese",497,"Low-fat Yogurt, Sweet Potatoes"
Obesity,"Cream, Butter, Candy",857,"Beans, Tofu"
Cardiovascular Disease,"Rice, Soda, Pasta, Butter",1012,"Fish, Avocado, Seeds"
Kidney Stones,"Tea, Butter, Pasta",1141,"Herbal Tea, Avocado, Beans"
Asthma,"Candy, Noodles",773,"Nuts, Vegetables"
Allergies,"Pizza, Chips, Noodles",1111,"Lean Meat, Tofu, Vegetables, Quinoa"
Osteoporosis,"Fried Chicken, Burger, Rice, Cream",1125,"Egg Whites, Lentils, Low-fat Yogurt"
Migraine,"Cookies, Cake, Bread",725,"Nuts, Green Tea"
Chronic Fatigue Syndrome,"Soda, Rice",445,"Egg Whites, Lean Meat, Whole Grains"
Crohn's Disease,"Cookies, Rice, Cream",634,"Low-fat Yogurt, Nuts, Whole Grains, Tofu"
Hepatitis,"Cream, Pizza, Soda, Chocolate",993,"Oats, Sweet Potatoes, Brown Rice"
Liver Cirrhosis,"Fried Chicken, Coffee, Pasta, Soda, Candy",1628,"Nuts, Avocado, Sweet Potatoes"
Epilepsy,"Butter, Fried Chicken, Coffee, Rice, Chocolate",1661,"Tofu, Low-fat Yogurt, Herbal Tea, Quinoa"
Depression,"Pasta, Candy, Noodles",884,"Quinoa, Vegetables"
Anxiety,"Pasta, Butter, Chocolate",802,"Avocado, Whole Grains, Herbal Tea"
Psoriasis,"Cookies, Coffee, Soda, Burger, Bread",2017,"Lean Meat, Lentils, Avocado, Egg Whites"
Eczema,"Butter, Cheese",568,"Lentils, Fruits, Low-fat Yogurt, Egg Whites"
GERD,"Pizza, Bread",465,"Sweet Potatoes, Lentils"
Ulcerative Colitis,"Ice Cream, Coffee",943,"Brown Rice, Quinoa, Green Tea, Herbal Tea"
Parkinson's Disease,"Pizza, Soda, Cheese",731,"Egg Whites, Low-fat Yogurt"
Alzheimer's Disease,"Cookies, Pizza, Soda, Energy Drinks, Cake",1276,"Whole Grains, Beans, Tofu"
COPD,"Fried Chicken, Soda, Chocolate, Tea, Chips",1905,"Lentils, Lean Meat"
Tuberculosis,"Rice, Cookies",495,"Low-fat Yogurt, Oats, Vegetables, Smoothies"
Dengue,"Coffee, Tea, Bread, Candy",1552,"Smoothies, Oats"
Malaria,"Chips, Bread, Coffee",1062,"Smoothies, Nuts, Avocado"
Pneumonia,"Ice Cream, Pasta, Pizza, Coffee",1308,"Green Tea, Sweet Potatoes"
Thalassemia,"Chocolate, Cheese, Ice Cream, Butter",1241,"Vegetables, Nuts"
HIV/AIDS,"Noodles, Fried Chicken, Cheese",1008,"Sweet Potatoes, Seeds, Beans"
Cancer,"Cake, Soda, Chocolate, Coffee",1204,"Quinoa, Egg Whites, Lentils, Herbal Tea"
Lupus,"Butter, Ice Cream, Bread, Cookies, Energy Drinks",1663,"Low-fat Yogurt, Brown Rice, Tofu, Fruits"
Multiple Sclerosis,"Chips, Fried Chicken, Energy Drinks",874,"Quinoa, Seeds, Beans, Egg Whites"
Endometriosis,"Cookies, Energy Drinks",558,"Lean Meat, Low-fat Yogurt, Beans, Lentils"
Polycystic Ovary Syndrome,"Rice, Chocolate, Cookies, Ice Cream",1168,"Vegetables, Egg Whites, Fruits"
Autism Spectrum Disorder,"Pasta, Cookies, Ice Cream, Rice, Burger",1565,"Avocado, Lean Meat, Smoothies"
ADHD,"Cake, Cream, Fried Chicken",623,"Herbal Tea, Nuts, Seeds, Smoothies"
Dyslexia,"Tea, Cream",713,"Beans, Lentils"
Cystic Fibrosis,"Cheese, Soda, Cookies, Pizza",1146,"Lean Meat, Tofu"
Glaucoma,"Candy, Cake, Pizza, Fried Chicken, Rice",1080,"Brown Rice, Quinoa, Vegetables"
Cataracts,"Cake, Butter, Cheese",667,"Tofu, Beans, Herbal Tea"
Macular Degeneration,"Butter, Pasta",567,"Fish, Vegetables, Quinoa"
Hemophilia,"Ice Cream, Coffee, Bread, Burger, Candy",1937,"Oats, Green Tea"
Sickle Cell Anemia,"Noodles, Chips, Pasta, Energy Drinks",1111,"Lentils, Beans, Smoothies"
Huntington's Disease,"Soda, Cookies, Cream, Cake",1018,"Seeds, Quinoa, Egg Whites, Whole Grains"
Vertigo,"Burger, Chocolate, Chips",1102,"Oats, Fish, Herbal Tea"
Tinnitus,"Ice Cream, Noodles",949,"Egg Whites, Avocado, Nuts"
Sleep Apnea,"Candy, Cheese, Cake",473,"Oats, Low-fat Yogurt, Brown Rice"
Chronic Kidney Disease,"Cake, Ice Cream, Coffee, Soda, Chips",1753,"Seeds, Vegetables, Fish, Low-fat Yogurt"
Pancreatitis,"Pasta, Chips, Soda, Noodles, Fried Chicken",1718,"Lean Meat, Seeds"
Gallstones,"Cheese, Cream, Chips",597,"Whole Grains, Lean Meat, Egg Whites"
Sepsis,"Energy Drinks, Chocolate, Noodles, Burger, Cookies",1825,"Fruits, Smoothies"
Lyme Disease,"Coffee, Cookies, Bread, Pizza",1385,"Seeds, Tofu, Nuts, Lentils"
Measles,"Cake, Chips, Soda, Cream",949,"Whole Grains, Green Tea, Sweet Potatoes"
Mumps,"Pasta, Bread, Candy",584,"Nuts, Seeds, Quinoa, Lentils"
Rubella,"Noodles, Coffee, Chocolate",1251,"Brown Rice, Quinoa, Herbal Tea"
Chickenpox,"Chocolate, Pizza, Energy Drinks, Coffee",1137,"Fish, Beans"
Shingles,"Ice Cream, Rice, Butter, Tea",1548,"Egg Whites, Sweet Potatoes, Fruits, Herbal Tea"
Influenza,"Energy Drinks, Cake, Pasta, Chocolate",588,"Fruits, Seeds, Quinoa"
Common Cold,"Soda, Chips, Fried Chicken",1096,"Oats, Seeds, Vegetables"
COVID-19,"Chocolate, Bread, Candy, Cheese, Fried Chicken",1205,"Oats, Fruits, Tofu, Brown Rice"
Diabetes,"Pasta, Energy Drinks",254,"Herbal Tea, Vegetables, Low-fat Yogurt"
Hypertension,"Cookies, Butter, Chips, Cheese",1329,"Seeds, Lentils, Fruits"
Celiac Disease,"Soda, Cream, Chips, Cookies",1265,"Oats, Avocado, Green Tea"
Lactose Intolerance,"Cake, Candy, Cheese, Tea, Fried Chicken",1432,"Tofu, Nuts, Lentils"
Irritable Bowel Syndrome,"Burger, Tea",1095,"Low-fat Yogurt, Whole Grains"
Anemia,"Pasta, Coffee, Noodles",1127,"Vegetables, Egg Whites"
Hyperthyroidism,"Fried Chicken, Pizza, Chips, Coffee",1490,"Green Tea, Vegetables, Herbal Tea, Low-fat Yogurt"
Hypothyroidism,"Burger, Soda, Bread",1097,"Fruits, Seeds, Green Tea, Whole Grains"
Gout,"Burger, Coffee, Rice, Pasta",1217,"Beans, Herbal Tea"
Arthritis,"Tea, Candy, Fried Chicken, Coffee",1726,"Nuts, Green Tea"
Obesity,"Cheese, Butter, Bread, Coffee",1284,"Brown Rice, Oats, Egg Whites, Fish"
Cardiovascular Disease,"Chips, Energy Drinks, Soda, Cream, Noodles",1504,"Nuts, Green Tea"
Kidney Stones,"Cheese, Tea",686,"Lean Meat, Herbal Tea"
Asthma,"Noodles, Fried Chicken",896,"Lentils, Seeds"
Allergies,"Soda, Pasta, Candy, Cream, Burger",1398,"Brown Rice, Green Tea"
Osteoporosis,"Energy Drinks, Chips, Cream",628,"Lentils, Egg Whites, Fish, Oats"
Migraine,"Ice Cream, Bread, Chocolate",884,"Quinoa, Tofu, Low-fat Yogurt, Fruits"
Chronic Fatigue Syndrome,"Noodles, Cookies, Pasta, Chocolate",1272,"Fish, Herbal Tea"
Crohn's Disease,"Candy, Chocolate, Energy Drinks",640,"Quinoa, Nuts"
Hepatitis,"Energy Drinks, Chips",489,"Egg Whites, Brown Rice"
Liver Cirrhosis,"Tea, Cheese",686,"Low-fat Yogurt, Brown Rice"
Epilepsy,"Rice, Pizza, Bread, Cake",644,"Green Tea, Lentils, Herbal Tea, Quinoa"
Depression,"Cream, Cheese, Noodles, Chips",1108,"Oats, Fish, Vegetables, Brown Rice"
Anxiety,"Ice Cream, Pasta, Rice, Candy, Butter",1347,"Herbal Tea, Whole Grains"
Psoriasis,"Cheese, Noodles, Chips, Pasta, Cookies",1495,"Lentils, Quinoa, Fruits"
Eczema,"Cream, Cheese",251,"Fruits, Quinoa"
GERD,"Pasta, Chips, Energy Drinks",600,"Avocado, Lean Meat, Oats"
Ulcerative Colitis,"Bread, Chips, Rice, Cheese, Cookies",1164,"Oats, Green Tea, Brown Rice, Nuts"
Parkinson's Disease,"Coffee, Energy Drinks, Pasta, Rice, Fried Chicken",1224,"Lentils, Green Tea, Quinoa"
Alzheimer's Disease,"Tea, Burger, Soda",1460,"Avocado, Vegetables, Beans"
COPD,"Cheese, Energy Drinks, Butter",711,"Herbal Tea, Low-fat Yogurt"
Tuberculosis,"Energy Drinks, Soda, Cheese, Noodles, Burger",1652,"Seeds, Sweet Potatoes, Beans, Nuts"
Dengue,"Fried Chicken, Coffee, Ice Cream, Soda, Bread",1904,"Lentils, Whole Grains, Avocado, Seeds"
Malaria,"Fried Chicken, Cake, Bread, Cheese",807,"Sweet Potatoes, Smoothies"
Pneumonia,"Rice, Pizza, Ice Cream, Burger, Tea",1867,"Tofu, Vegetables"
Thalassemia,"Chocolate, Cream, Burger, Pasta, Cake",1105,"Fruits, Whole Grains, Low-fat Yogurt"
HIV/AIDS,"Soda, Bread, Pizza, Pasta, Cheese",1053,"Sweet Potatoes, Egg Whites, Green Tea"
Cancer,"Chips, Coffee",851,"Smoothies, Seeds"
Lupus,"Chips, Candy, Cream, Butter, Tea",1777,"Quinoa, Egg Whites, Whole Grains"
Multiple Sclerosis,"Cookies, Ice Cream",853,"Whole Grains, Fish"
Endometriosis,"Cookies, Cheese",527,"Quinoa, Lentils"
Polycystic Ovary Syndrome,"Pasta, Chips, Noodles, Coffee",1473,"Low-fat Yogurt, Herbal Tea, Quinoa, Beans"
Autism Spectrum Disorder,"Ice Cream, Chips, Cookies, Cream, Soda",1703,"Egg Whites, Vegetables, Low-fat Yogurt, Seeds"
ADHD,"Ice Cream, Cookies, Cream, Bread, Butter",1659,"Beans, Avocado, Lean Meat"
Dyslexia,"Soda, Pasta, Rice, Cake, Cheese",767,"Low-fat Yogurt, Seeds, Smoothies, Quinoa"
Cystic Fibrosis,"Rice, Cake, Fried Chicken",564,"Avocado, Nuts, Lean Meat, Vegetables"
Glaucoma,"Noodles, Butter, Chocolate, Burger, Rice",1803,"Lean Meat, Herbal Tea, Vegetables"
Cataracts,"Chips, Bread, Ice Cream, Candy",1257,"Egg Whites, Seeds"
Macular Degeneration,"Pasta, Coffee",616,"Smoothies, Fruits"
Hemophilia,"Energy Drinks, Pizza, Rice, Pasta",588,"Green Tea, Brown Rice, Vegetables, Lentils"
Sickle Cell Anemia,"Cake, Noodles, Pizza, Tea",1438,"Fruits, Lean Meat"
Huntington's Disease,"Energy Drinks, Butter, Cream",738,"Low-fat Yogurt, Whole Grains"
Vertigo,"Rice, Cake, Cheese, Coffee",796,"Herbal Tea, Green Tea, Fruits, Avocado"
Tinnitus,"Fried Chicken, Soda",750,"Vegetables, Low-fat Yogurt"
Sleep Apnea,"Candy, Rice, Tea, Cheese, Pasta",1139,"Quinoa, Smoothies, Fruits, Egg Whites"
Chronic Kidney Disease,"Energy Drinks, Rice, Soda",588,"Lean Meat, Green Tea"
Pancreatitis,"Cookies, Noodles, Fried Chicken, Candy, Rice",1653,"Nuts, Tofu"
Gallstones,"Energy Drinks, Bread, Chocolate, Chips, Noodles",1446,"Green Tea, Low-fat Yogurt, Oats"
Sepsis,"Bread, Fried Chicken",596,"Smoothies, Herbal Tea"
Lyme Disease,"Rice, Pizza, Chips",680,"Tofu, Fruits, Nuts, Vegetables"
Measles,"Candy, Cake, Chocolate, Pizza, Noodles",1361,"Avocado, Low-fat Yogurt, Fruits, Tofu"
Mumps,"Candy, Cake, Pizza",615,"Brown Rice, Oats, Low-fat Yogurt"
Rubella,"Cake, Pasta",210,"Beans, Egg Whites, Tofu, Brown Rice"
Chickenpox,"Pizza, Ice Cream",692,"Oats, Tofu"
Shingles,"Bread, Pasta, Chocolate",557,"Green Tea, Brown Rice, Herbal Tea"
Influenza,"Noodles, Energy Drinks, Bread, Rice, Chocolate",1180,"Tofu, Green Tea, Avocado"
Common Cold,"Rice, Soda, Energy Drinks, Burger",1109,"Fruits, Sweet Potatoes, Vegetables"
COVID-19,"Coffee, Cream",644,"Low-fat Yogurt, Herbal Tea, Beans, Tofu"
Diabetes,"Cake, Pasta, Chocolate, Burger",966,"Lean Meat, Brown Rice, Nuts"
Hypertension,"Candy, Cake, Rice, Tea",1015,"Avocado, Seeds, Oats"
Celiac Disease,"Bread, Butter, Ice Cream, Cheese",1217,"Fruits, Whole Grains"
Lactose Intolerance,"Coffee, Tea, Chips, Cookies, Noodles",2351,"Egg Whites, Nuts, Fish"
Irritable Bowel Syndrome,"Chips, Pizza, Chocolate, Rice, Cookies",1330,"Herbal Tea, Brown Rice, Whole Grains"
Anemia,"Energy Drinks, Chocolate, Noodles, Soda",1254,"Herbal Tea, Fish, Low-fat Yogurt, Brown Rice"
Hyperthyroidism,"Chips, Butter, Fried Chicken",1187,"Egg Whites, Herbal Tea, Nuts, Oats"
Hypothyroidism,"Soda, Tea, Noodles, Chips, Candy",2058,"Beans, Sweet Potatoes"
Gout,"Coffee, Candy, Cream",906,"Brown Rice, Avocado, Egg Whites, Lentils"
Arthritis,"Pasta, Rice, Chocolate",426,"Oats, Brown Rice, Herbal Tea, Green Tea"
Obesity,"Cream, Tea, Ice Cream",1151,"Seeds, Lentils, Nuts, Egg Whites"
Cardiovascular Disease,"Butter, Cheese, Pasta, Energy Drinks",822,"Quinoa, Beans, Lean Meat, Egg Whites"
Kidney Stones,"Energy Drinks, Soda, Fried Chicken, Cake",992,"Lentils, Low-fat Yogurt, Egg Whites"
Asthma,"Chips, Cake, Cookies, Rice",940,"Egg Whites, Sweet Potatoes, Oats"
Allergies,"Energy Drinks, Tea, Chips",1063,"Egg Whites, Low-fat Yogurt, Avocado, Brown Rice"
Osteoporosis,"Cake, Rice, Ice Cream, Cream",756,"Vegetables, Tofu, Oats, Nuts"
Migraine,"Bread, Chocolate, Pasta, Butter, Soda",1378,"Fruits, Seeds"
Chronic Fatigue Syndrome,"Coffee, Chocolate, Pasta",851,"Green Tea, Lean Meat, Lentils, Beans"
Crohn's Disease,"Cream, Ice Cream, Cookies, Soda",1357,"Vegetables, Quinoa"
Hepatitis,"Fried Chicken, Energy Drinks, Chips, Butter, Cake",1429,"Brown Rice, Avocado, Oats"
Liver Cirrhosis,"Energy Drinks, Cookies, Coffee",1063,"Whole Grains, Fish, Quinoa, Tofu"
Epilepsy,"Cookies, Burger, Cream, Coffee",1580,"Herbal Tea, Vegetables, Fish, Egg Whites"
Depression,"Fried Chicken, Tea, Coffee",1464,"Herbal Tea, Green Tea"
Anxiety,"Chocolate, Soda, Noodles, Coffee, Cheese",1728,"Fruits, Fish, Quinoa"
Psoriasis,"Energy Drinks, Butter, Chocolate",834,"Fruits, Low-fat Yogurt"
Eczema,"Fried Chicken, Ice Cream, Cake, Cheese",1034,"Brown Rice, Seeds, Egg Whites, Nuts"
GERD,"Fried Chicken, Ice Cream, Pizza, Tea",1651,"Nuts, Lean Meat, Low-fat Yogurt, Herbal Tea"
Ulcerative Colitis,"Cheese, Ice Cream",550,"Vegetables, Quinoa, Tofu"
Parkinson's Disease,"Bread, Chocolate, Cheese, Pasta, Rice",749,"Avocado, Lean Meat, Fish"
Alzheimer's Disease,"Energy Drinks, Coffee, Cake, Chocolate",982,"Fish, Oats"
COPD,"Pasta, Cheese, Burger, Pizza",998,"Nuts, Low-fat Yogurt"
Tuberculosis,"Soda, Pasta",476,"Fish, Vegetables, Whole Grains"
Dengue,"Cookies, Chocolate",650,"Fish, Seeds"
Malaria,"Energy Drinks, Chips, Noodles, Cake",1099,"Low-fat Yogurt, Sweet Potatoes, Lentils, Whole Grains"
Pneumonia,"Butter, Chips, Soda, Rice, Pasta",1358,"Tofu, Beans, Avocado"
Thalassemia,"Energy Drinks, Cookies",558,"Egg Whites, Brown Rice"
HIV/AIDS,"Candy, Chocolate, Pasta",608,"Sweet Potatoes, Whole Grains"
Cancer,"Rice, Chips",426,"Lean Meat, Fish, Fruits, Whole Grains"
Lupus,"Soda, Chocolate",600,"Lentils, Lean Meat, Low-fat Yogurt, Brown Rice"
Multiple Sclerosis,"Energy Drinks, Rice",223,"Brown Rice, Quinoa"
Endometriosis,"Soda, Burger, Pasta",997,"Fruits, Egg Whites, Whole Grains, Brown Rice"
Polycystic Ovary Syndrome,"Cake, Cheese, Rice, Cream",430,"Herbal Tea, Vegetables, Sweet Potatoes, Egg Whites"
Autism Spectrum Disorder,"Rice, Coffee",585,"Brown Rice, Fish, Egg Whites, Beans"
ADHD,"Chips, Cheese, Fried Chicken, Soda, Coffee",1713,"Low-fat Yogurt, Beans, Lentils"
Dyslexia,"Energy Drinks, Cookies, Pasta, Coffee",1174,"Seeds, Herbal Tea, Beans, Quinoa"
Cystic Fibrosis,"Cookies, Coffee, Candy, Pizza, Chips",1782,"Lean Meat, Seeds, Beans, Herbal Tea"
Glaucoma,"Pizza, Tea",828,"Lean Meat, Beans"
Cataracts,"Energy Drinks, Fried Chicken, Rice, Cookies",1023,"Nuts, Low-fat Yogurt"
Macular Degeneration,"Bread, Cookies, Energy Drinks",769,"Herbal Tea, Sweet Potatoes"
Hemophilia,"Burger, Coffee, Soda",1391,"Seeds, Fruits, Fish, Nuts"
Sickle Cell Anemia,"Cake, Cream, Chips, Energy Drinks, Pasta",838,"Oats, Vegetables, Green Tea"
Huntington's Disease,"Soda, Energy Drinks, Butter, Noodles, Tea",2049,"Egg Whites, Nuts, Quinoa, Seeds"
Vertigo,"Butter, Soda",821,"Green Tea, Herbal Tea, Fruits"
Tinnitus,"Energy Drinks, Fried Chicken",528,"Lean Meat, Herbal Tea, Brown Rice"
Sleep Apnea,"Fried Chicken, Chocolate",620,"Beans, Green Tea, Fruits, Vegetables"
Chronic Kidney Disease,"Butter, Rice, Noodles, Cheese, Pasta",1270,"Avocado, Brown Rice, Lentils, Lean Meat"
Pancreatitis,"Noodles, Ice Cream, Rice, Coffee, Pasta",1645,"Fish, Smoothies"
Gallstones,"Cream, Pizza",393,"Egg Whites, Tofu"
Sepsis,"Soda, Coffee",870,"Green Tea, Low-fat Yogurt, Avocado, Tofu"
Lyme Disease,"Butter, Pasta, Rice",647,"Tofu, Brown Rice, Whole Grains, Seeds"
Measles,"Chips, Noodles, Soda",1222,"Egg Whites, Seeds"
Mumps,"Rice, Cookies, Energy Drinks, Butter, Coffee",1599,"Seeds, Beans, Quinoa, Low-fat Yogurt"
Rubella,"Pasta, Burger",632,"Green Tea, Low-fat Yogurt"
Chickenpox,"Energy Drinks, Cake",242,"Lean Meat, Whole Grains, Green Tea, Egg Whites"
Shingles,"Pizza, Cheese, Rice, Cookies, Bread",1072,"Green Tea, Oats"
Influenza,"Rice, Burger, Cookies, Chocolate",1251,"Whole Grains, Nuts"
Common Cold,"Burger, Cream, Tea, Coffee, Energy Drinks",1882,"Fish, Herbal Tea"
COVID-19,"Soda, Cheese, Cookies",892,"Lean Meat, Green Tea, Brown Rice"
Diabetes,"Cream, Coffee, Soda, Chocolate, Cookies",1659,"Whole Grains, Lean Meat"
Hypertension,"Energy Drinks, Ice Cream, Noodles, Cream, Burger",1752,"Tofu, Brown Rice, Green Tea"
Celiac Disease,"Cake, Chips, Coffee, Candy, Rice",1292,"Seeds, Vegetables, Sweet Potatoes"
Lactose Intolerance,"Rice, Tea, Chips",1000,"Herbal Tea, Seeds, Lean Meat, Avocado"
Irritable Bowel Syndrome,"Coffee, Candy",767,"Lean Meat, Oats"
Anemia,"Ice Cream, Candy, Cheese, Pasta",923,"Nuts, Tofu, Lentils"
Hyperthyroidism,"Cake, Chocolate",334,"Lentils, Beans, Tofu"
Hypothyroidism,"Noodles, Butter",967,"Green Tea, Tofu, Lean Meat"
Gout,"Energy Drinks, Pizza, Bread, Ice Cream",1046,"Tofu, Sweet Potatoes, Egg Whites"
Arthritis,"Butter, Cookies, Rice, Fried Chicken, Burger",1857,"Quinoa, Tofu, Avocado"
Obesity,"Cake, Chocolate, Bread, Pizza, Energy Drinks",942,"Low-fat Yogurt, Vegetables, Brown Rice, Fruits"
Cardiovascular Disease,"Cheese, Cream, Candy",513,"Avocado, Lean Meat, Vegetables, Seeds"
Kidney Stones,"Bread, Pizza, Cream, Cookies, Pasta",1130,"Low-fat Yogurt, Smoothies, Green Tea, Fish"
Asthma,"Bread, Fried Chicken, Cake, Cookies, Rice",1190,"Egg Whites, Vegetables, Green Tea, Whole Grains"
Allergies,"Fried Chicken, Cake, Rice, Pasta, Burger",1196,"Vegetables, Beans"
Osteoporosis,"Chips, Cookies, Pasta",872,"Egg Whites, Brown Rice, Tofu"
Migraine,"Fried Chicken, Cheese, Soda",862,"Whole Grains, Lentils"
Chronic Fatigue Syndrome,"Cheese, Coffee",617,"Nuts, Fruits, Tofu, Seeds"
Crohn's Disease,"Cookies, Energy Drinks",558,"Egg Whites, Avocado, Quinoa"
Hepatitis,"Butter, Chocolate, Soda, Bread, Pizza",1521,"Green Tea, Beans, Lean Meat, Low-fat Yogurt"
Liver Cirrhosis,"Soda, Tea",939,"Lentils, Egg Whites, Quinoa"
Epilepsy,"Energy Drinks, Pasta, Fried Chicken",639,"Low-fat Yogurt, Lean Meat, Fish, Quinoa"
Depression,"Chocolate, Pasta, Rice, Tea",1000,"Quinoa, Fruits, Lentils"
Anxiety,"Tea, Cookies, Rice",1069,"Seeds, Low-fat Yogurt, Egg Whites, Lentils"
Psoriasis,"Chocolate, Butter, Pizza",945,"Fruits, Brown Rice"
Eczema,"Soda, Cake",464,"Herbal Tea, Quinoa, Smoothies, Fruits"
GERD,"Ice Cream, Pizza",692,"Herbal Tea, Smoothies, Sweet Potatoes, Tofu"
Ulcerative Colitis,"Bread, Candy",473,"Seeds, Smoothies, Egg Whites"
Parkinson's Disease,"Candy, Tea, Ice Cream, Cheese",1386,"Lentils, Brown Rice, Vegetables, Quinoa"
Alzheimer's Disease,"Pasta, Fried Chicken",496,"Green Tea, Lean Meat, Sweet Potatoes"
COPD,"Chocolate, Energy Drinks, Coffee, Cookies, Burger",1819,"Green Tea, Whole Grains, Nuts, Sweet Potatoes"
Tuberculosis,"Rice, Pizza, Bread, Pasta, Cheese",768,"Egg Whites, Avocado"
Dengue,"Cookies, Chips",761,"Quinoa, Green Tea, Lean Meat, Low-fat Yogurt"
Malaria,"Candy, Tea, Burger, Energy Drinks",1500,"Beans, Quinoa, Lean Meat"
Pneumonia,"Ice Cream, Cream",577,"Seeds, Smoothies, Sweet Potatoes, Oats"
Thalassemia,"Chips, Pasta, Cookies, Cream",1011,"Green Tea, Smoothies, Low-fat Yogurt, Fish"
HIV/AIDS,"Ice Cream, Pizza, Fried Chicken, Cream, Cheese",1328,"Fruits, Avocado"
Cancer,"Tea, Candy",836,"Whole Grains, Fruits, Egg Whites"
Lupus,"Pasta, Bread",322,"Fish, Lentils"
Multiple Sclerosis,"Burger, Tea, Bread, Noodles, Chips",2163,"Vegetables, Avocado, Quinoa, Seeds"
Endometriosis,"Candy, Noodles",773,"Brown Rice, Seeds, Low-fat Yogurt, Whole Grains"
Polycystic Ovary Syndrome,"Fried Chicken, Noodles, Tea, Bread, Pasta",1792,"Avocado, Brown Rice, Whole Grains, Fish"
Autism Spectrum Disorder,"Energy Drinks, Butter",599,"Brown Rice, Fruits, Oats, Vegetables"
ADHD,"Cookies, Candy, Pizza, Rice, Chips",1357,"Nuts, Low-fat Yogurt, Lean Meat"
Dyslexia,"Ice Cream, Cake, Bread, Burger, Pizza",1523,"Lean Meat, Fish, Tofu"
Cystic Fibrosis,"Cake, Coffee",604,"Brown Rice, Tofu, Sweet Potatoes, Low-fat Yogurt"
Glaucoma,"Bread, Cheese",323,"Beans, Tofu, Brown Rice"
Cataracts,"Candy, Tea",836,"Fruits, Sweet Potatoes, Oats"
Macular Degeneration,"Fried Chicken, Bread",596,"Vegetables, Lean Meat"
Hemophilia,"Chips, Bread",557,"Fish, Seeds, Green Tea"
Sickle Cell Anemia,"Candy, Noodles",773,"Fish, Quinoa"
Huntington's Disease,"Cookies, Pizza, Chips, Burger",1536,"Oats, Egg Whites"
Vertigo,"Burger, Butter, Pizza, Chips",1577,"Egg Whites, Green Tea, Fish, Avocado"
Tinnitus,"Chocolate, Cookies",650,"Avocado, Egg Whites"
Sleep Apnea,"Bread, Butter",667,"Sweet Potatoes, Seeds"
Chronic Kidney Disease,"Chocolate, Ice Cream, Pizza, Butter",1383,"Quinoa, Low-fat Yogurt"
Pancreatitis,"Bread, Noodles, Rice, Butter, Cream",1397,"Seeds, Beans, Vegetables, Tofu"
Gallstones,"Chips, Ice Cream",784,"Herbal Tea, Fruits, Vegetables"
Sepsis,"Pasta, Cream, Cheese",362,"Green Tea, Oats, Egg Whites"
Lyme Disease,"Candy, Bread, Energy Drinks, Chocolate",851,"Tofu, Quinoa"
Measles,"Soda, Energy Drinks, Rice",588,"Avocado, Seeds, Beans, Sweet Potatoes"
Mumps,"Candy, Noodles",773,"Oats, Green Tea, Avocado, Lentils"
Rubella,"Tea, Pasta, Cookies, Fried Chicken, Ice Cream",1923,"Fruits, Whole Grains, Oats"
Chickenpox,"Bread, Coffee, Fried Chicken",1101,"Whole Grains, Lentils"
Shingles,"Cookies, Energy Drinks, Soda, Fried Chicken, Rice",1388,"Low-fat Yogurt, Beans, Vegetables, Whole Grains"
Influenza,"Cheese, Candy",374,"Fish, Lean Meat, Oats"
Common Cold,"Pizza, Cream, Fried Chicken, Energy Drinks, Rice",1001,"Sweet Potatoes, Low-fat Yogurt"
COVID-19,"Bread, Butter, Chips",1013,"Vegetables, Whole Grains"
Diabetes,"Noodles, Cookies",926,"Egg Whites, Lean Meat, Brown Rice, Low-fat Yogurt"
Hypertension,"Burger, Fried Chicken",906,"Herbal Tea, Fruits, Quinoa"
Celiac Disease,"Noodles, Energy Drinks, Butter, Candy",1372,"Brown Rice, Oats, Lean Meat"
Lactose Intolerance,"Pasta, Cheese, Cookies, Pizza, Burger",1413,"Low-fat Yogurt, Green Tea, Fruits"
Irritable Bowel Syndrome,"Coffee, Cookies, Candy",1182,"Avocado, Seeds, Oats, Low-fat Yogurt"
Anemia,"Pasta, Chocolate, Fried Chicken, Energy Drinks, Ice Cream",1312,"Brown Rice, Fruits, Lean Meat"
Hyperthyroidism,"Bread, Coffee, Tea, Energy Drinks",1433,"Vegetables, Avocado, Green Tea"
Hypothyroidism,"Cream, Pizza, Chips, Cookies",1154,"Smoothies, Whole Grains, Tofu, Egg Whites"
Gout,"Bread, Ice Cream, Tea, Chocolate, Cheese",1570,"Herbal Tea, Avocado"
Arthritis,"Pizza, Burger, Ice Cream, Pasta, Candy",1586,"Egg Whites, Seeds, Lean Meat"
Obesity,"Burger, Rice, Coffee, Soda, Tea",2045,"Quinoa, Fruits"
Cardiovascular Disease,"Fried Chicken, Tea",959,"Whole Grains, Quinoa, Low-fat Yogurt, Lean Meat"
Kidney Stones,"Burger, Tea",1095,"Tofu, Sweet Potatoes"
Asthma,"Cookies, Pizza, Candy, Cheese",1043,"Beans, Quinoa, Vegetables"
Allergies,"Soda, Tea, Chips, Cookies",1700,"Brown Rice, Tofu, Quinoa, Whole Grains"
Osteoporosis,"Coffee, Ice Cream",943,"Whole Grains, Lentils, Green Tea"
Migraine,"Ice Cream, Butter",894,"Beans, Oats, Quinoa, Avocado"
Chronic Fatigue Syndrome,"Chocolate, Cookies, Energy Drinks, Noodles",1304,"Lean Meat, Avocado, Herbal Tea"
Crohn's Disease,"Fried Chicken, Soda",750,"Low-fat Yogurt, Whole Grains, Oats, Lentils"
Hepatitis,"Energy Drinks, Burger, Candy",926,"Lentils, Sweet Potatoes, Smoothies"
Liver Cirrhosis,"Soda, Cake",464,"Quinoa, Vegetables, Smoothies, Tofu"
Epilepsy,"Pizza, Cake",353,"Whole Grains, Seeds"
Depression,"Cake, Candy",361,"Quinoa, Oats, Low-fat Yogurt"
Anxiety,"Fried Chicken, Pasta",496,"Smoothies, Whole Grains, Nuts, Fish"
Psoriasis,"Chips, Butter",802,"Vegetables, Sweet Potatoes, Egg Whites, Brown Rice"
Eczema,"Pasta, Chips, Rice",537,"Beans, Vegetables, Oats"
GERD,"Cookies, Candy, Ice Cream, Cheese",1227,"Lentils, Low-fat Yogurt, Avocado"
Ulcerative Colitis,"Rice, Cream, Energy Drinks",362,"Lean Meat, Lentils"
Parkinson's Disease,"Ice Cream, Cheese, Cake",649,"Oats, Smoothies, Fruits"
Alzheimer's Disease,"Ice Cream, Pasta, Soda, Pizza, Energy Drinks",1311,"Vegetables, Nuts, Fruits"
COPD,"Candy, Bread, Pizza, Cookies",1142,"Fish, Low-fat Yogurt, Avocado, Oats"
Tuberculosis,"Rice, Energy Drinks, Pizza, Pasta, Bread",799,"Sweet Potatoes, Oats, Herbal Tea, Low-fat Yogurt"
Dengue,"Ice Cream, Burger",959,"Smoothies, Lean Meat, Quinoa, Lentils"
Malaria,"Burger, Energy Drinks, Butter, Rice",1200,"Fish, Vegetables, Whole Grains, Nuts"
Pneumonia,"Pizza, Rice, Cookies, Cheese",861,"Whole Grains, Brown Rice, Smoothies"
Thalassemia,"Soda, Noodles, Candy, Rice",1218,"Low-fat Yogurt, Avocado"
HIV/AIDS,"Coffee, Candy, Butter, Pizza, Chips",1823,"Tofu, Avocado"
Cancer,"Candy, Cream, Cake",500,"Lentils, Fish, Smoothies, Beans"
Lupus,"Butter, Soda, Fried Chicken, Ice Cream, Candy",1906,"Lentils, Smoothies"
Multiple Sclerosis,"Chips, Pasta, Ice Cream, Coffee",1400,"Lean Meat, Tofu"
Endometriosis,"Soda, Pizza, Ice Cream, Pasta",1168,"Herbal Tea, Low-fat Yogurt, Vegetables"
Polycystic Ovary Syndrome,"Energy Drinks, Ice Cream, Tea, Fried Chicken",1540,"Herbal Tea, Lentils, Avocado, Green Tea"
Autism Spectrum Disorder,"Candy, Cake, Soda, Coffee",1231,"Herbal Tea, Tofu, Seeds"
ADHD,"Cake, Bread, Cream",449,"Egg Whites, Beans"
Dyslexia,"Soda, Chips, Burger, Coffee, Cream",1876,"Lentils, Egg Whites"
Cystic Fibrosis,"Tea, Fried Chicken",959,"Quinoa, Fish"
Glaucoma,"Coffee, Cake, Cream, Fried Chicken, Ice Cream",1566,"Avocado, Tofu, Egg Whites, Herbal Tea"
Cataracts,"Bread, Noodles, Coffee, Soda, Pizza",1846,"Egg Whites, Green Tea, Fruits, Brown Rice"
Macular Degeneration,"Fried Chicken, Burger, Butter",1362,"Brown Rice, Whole Grains, Oats, Egg Whites"
Hemophilia,"Candy, Cream, Cookies",816,"Herbal Tea, Beans"
Sickle Cell Anemia,"Coffee, Cookies, Cake",1019,"Fish, Sweet Potatoes, Whole Grains, Tofu"
Huntington's Disease,"Soda, Chocolate, Pizza, Chips",1200,"Lentils, Vegetables"
Vertigo,"Noodles, Butter, Coffee, Soda",1837,"Lentils, Sweet Potatoes"
Tinnitus,"Bread, Rice, Noodles, Cookies, Pasta",1328,"Whole Grains, Avocado, Sweet Potatoes, Oats"
Sleep Apnea,"Cheese, Tea, Ice Cream",1124,"Green Tea, Whole Grains, Beans"
Chronic Kidney Disease,"Pasta, Coffee, Noodles, Chocolate, Cheese",1474,"Egg Whites, Vegetables, Smoothies"
Pancreatitis,"Tea, Burger, Candy",1357,"Brown Rice, Quinoa, Avocado"
Gallstones,"Rice, Ice Cream, Cookies, Pasta, Tea",1618,"Beans, Green Tea, Brown Rice, Fish"
Sepsis,"Coffee, Fried Chicken, Cheese",1002,"Vegetables, Lentils"
Lyme Disease,"Ice Cream, Soda, Burger, Cookies",1739,"Brown Rice, Lentils"
Measles,"Energy Drinks, Tea",717,"Lentils, Nuts, Quinoa"
Mumps,"Candy, Cookies",677,"Smoothies, Brown Rice, Green Tea"
Rubella,"Cheese, Ice Cream",550,"Whole Grains, Low-fat Yogurt, Herbal Tea, Seeds"
Chickenpox,"Fried Chicken, Cheese",497,"Oats, Seeds"
Shingles,"Ice Cream, Candy, Rice, Energy Drinks, Burger",1444,"Lentils, Nuts, Herbal Tea, Quinoa"
Influenza,"Tea, Coffee, Cake",1178,"Low-fat Yogurt, Green Tea"
Common Cold,"Burger, Soda, Cake, Pizza, Bread",1450,"Lean Meat, Low-fat Yogurt"
COVID-19,"Energy Drinks, Fried Chicken",528,"Smoothies, Seeds"
Diabetes,"Cake, Burger, Candy, Bread, Chips",1439,"Nuts, Vegetables, Low-fat Yogurt"
Hypertension,"Noodles, Energy Drinks",654,"Quinoa, Fish, Sweet Potatoes, Smoothies"
Celiac Disease,"Energy Drinks, Pizza",397,"Smoothies, Quinoa, Green Tea, Egg Whites"
Lactose Intolerance,"Soda, Pizza, Energy Drinks",762,"Smoothies, Whole Grains, Nuts, Lean Meat"
Irritable Bowel Syndrome,"Chocolate, Tea, Butter, Cake",1364,"Green Tea, Nuts, Whole Grains"
Anemia,"Pizza, Noodles",765,"Vegetables, Quinoa, Oats"
Hyperthyroidism,"Coffee, Noodles, Rice",1096,"Nuts, Fruits, Herbal Tea, Oats"
Hypothyroidism,"Candy, Cheese, Bread, Chips",931,"Beans, Tofu"
Gout,"Chips, Butter, Chocolate, Cake",1136,"Tofu, Seeds"
Arthritis,"Chips, Cake, Chocolate, Pizza, Candy",1196,"Lean Meat, Green Tea"
Obesity,"Cream, Burger, Cake, Fried Chicken",1144,"Tofu, Green Tea"
Cardiovascular Disease,"Chocolate, Cheese, Candy",609,"Oats, Fruits, Vegetables, Tofu"
Kidney Stones,"Pizza, Ice Cream, Rice, Fried Chicken, Soda",1522,"Brown Rice, Herbal Tea, Sweet Potatoes"
Asthma,"Tea, Butter, Cheese, Pasta",1253,"Vegetables, Beans, Egg Whites, Lean Meat"
Allergies,"Cake, Tea, Coffee, Bread, Noodles",1900,"Quinoa, Tofu"
Osteoporosis,"Cookies, Ice Cream, Bread",1064,"Vegetables, Green Tea"
Migraine,"Cheese, Coffee, Tea, Ice Cream",1629,"Vegetables, Seeds, Egg Whites, Tofu"
Chronic Fatigue Syndrome,"Cookies, Pizza, Butter, Cream, Rice",1344,"Herbal Tea, Fish"
Crohn's Disease,"Tea, Butter",1030,"Brown Rice, Vegetables, Green Tea"
Hepatitis,"Cake, Bread, Butter",766,"Lentils, Oats"
Liver Cirrhosis,"Soda, Burger, Butter, Candy, Ice Cream",2042,"Quinoa, Beans, Low-fat Yogurt, Lentils"
Epilepsy,"Pasta, Chocolate",346,"Nuts, Brown Rice, Lentils, Fish"
Depression,"Cake, Soda, Burger, Pasta, Chips",1442,"Seeds, Low-fat Yogurt, Oats, Green Tea"
Anxiety,"Candy, Soda, Cookies",1042,"Smoothies, Whole Grains, Lentils"
Psoriasis,"Coffee, Candy, Bread, Energy Drinks, Cream",1260,"Oats, Tofu, Quinoa"
Eczema,"Soda, Noodles, Chocolate, Rice",1191,"Egg Whites, Smoothies, Herbal Tea"
GERD,"Cookies, Pasta",526,"Lean Meat, Brown Rice, Herbal Tea"
Ulcerative Colitis,"Pasta, Soda",476,"Low-fat Yogurt, Beans, Seeds"
Parkinson's Disease,"Burger, Ice Cream",959,"Quinoa, Nuts, Smoothies, Avocado"
Alzheimer's Disease,"Rice, Cookies, Burger, Tea, Pasta",1701,"Quinoa, Sweet Potatoes, Whole Grains, Fruits"
COPD,"Candy, Chips",608,"Smoothies, Fruits, Seeds, Low-fat Yogurt"
Tuberculosis,"Cream, Noodles",650,"Lentils, Fish, Smoothies, Oats"
Dengue,"Cream, Chips, Ice Cream, Chocolate",1158,"Nuts, Beans, Fruits"
Malaria,"Pasta, Chips, Noodles, Cheese",1080,"Egg Whites, Avocado, Fruits, Brown Rice"
Pneumonia,"Pasta, Tea, Ice Cream, Pizza",1377,"Fruits, Vegetables, Nuts, Lentils"
Thalassemia,"Candy, Noodles",773,"Lentils, Brown Rice, Quinoa"
HIV/AIDS,"Rice, Noodles, Soda, Bread",1167,"Smoothies, Whole Grains"
Cancer,"Noodles, Cookies, Fried Chicken, Cream, Pizza",1704,"Nuts, Brown Rice, Quinoa, Seeds"
Lupus,"Cookies, Candy, Chocolate, Cake",1011,"Quinoa, Beans"
Multiple Sclerosis,"Pizza, Cream, Pasta, Ice Cream",942,"Brown Rice, Egg Whites"
Endometriosis,"Fried Chicken, Bread, Coffee",1101,"Fish, Smoothies"
Polycystic Ovary Syndrome,"Fried Chicken, Rice, Cookies",880,"Green Tea, Avocado"
Autism Spectrum Disorder,"Bread, Soda, Pizza",830,"Tofu, Green Tea, Nuts"
ADHD,"Bread, Fried Chicken, Chocolate, Rice, Ice Cream",1349,"Sweet Potatoes, Seeds"
Dyslexia,"Cream, Candy, Butter, Ice Cream",1295,"Beans, Seeds, Vegetables, Nuts"
Cystic Fibrosis,"Burger, Pizza",775,"Smoothies, Sweet Potatoes, Green Tea, Whole Grains"
Glaucoma,"Cake, Soda",464,"Sweet Potatoes, Smoothies, Nuts"
Cataracts,"Energy Drinks, Rice, Cake",322,"Fruits, Avocado, Fish"
Macular Degeneration,"Pizza, Pasta, Cream, Butter",960,"Whole Grains, Fish, Brown Rice"
Hemophilia,"Noodles, Pasta, Bread, Energy Drinks",976,"Whole Grains, Tofu, Herbal Tea"
Sickle Cell Anemia,"Burger, Cake",620,"Tofu, Egg Whites, Green Tea"
Huntington's Disease,"Noodles, Cake, Soda, Chocolate",1210,"Oats, Smoothies, Tofu, Quinoa"
Vertigo,"Pasta, Pizza, Cream, Rice, Cheese",696,"Brown Rice, Whole Grains, Green Tea, Lentils"
Tinnitus,"Candy, Cheese",374,"Avocado, Fish"
Sleep Apnea,"Cake, Butter, Pizza",809,"Herbal Tea, Beans, Lentils"
Chronic Kidney Disease,"Cookies, Rice",495,"Avocado, Lentils"
Pancreatitis,"Cake, Pasta, Rice, Chips",636,"Lean Meat, Fish, Beans"
Gallstones,"Ice Cream, Burger, Cream",1098,"Fish, Herbal Tea"
Sepsis,"Fried Chicken, Cheese",497,"Sweet Potatoes, Low-fat Yogurt, Fruits"
Lyme Disease,"Cake, Ice Cream, Fried Chicken, Chocolate",1157,"Brown Rice, Seeds"
Measles,"Burger, Cheese",633,"Tofu, Lean Meat, Fruits"
Mumps,"Coffee, Soda",870,"Nuts, Vegetables"
Rubella,"Pizza, Candy",516,"Beans, Avocado, Smoothies, Quinoa"
Chickenpox,"Cake, Noodles, Energy Drinks, Ice Cream",1191,"Green Tea, Brown Rice"
Shingles,"Coffee, Noodles, Cake",1115,"Nuts, Oats"
Influenza,"Cake, Butter, Coffee, Cream",1199,"Smoothies, Lean Meat, Brown Rice"
Common Cold,"Energy Drinks, Cream, Pizza, Chips, Cheese",994,"Lean Meat, Whole Grains"
COVID-19,"Energy Drinks, Ice Cream, Tea, Chocolate, Pizza",1644,"Whole Grains, Quinoa"
Diabetes,"Cream, Burger, Chocolate",895,"Green Tea, Lean Meat"
Hypertension,"Pasta, Soda",476,"Whole Grains, Beans"
Celiac Disease,"Fried Chicken, Soda, Candy, Rice, Butter",1548,"Whole Grains, Herbal Tea"
Lactose Intolerance,"Pizza, Noodles, Fried Chicken",1150,"Fruits, Tofu, Sweet Potatoes"
Irritable Bowel Syndrome,"Pizza, Cream, Rice, Pasta",584,"Oats, Seeds, Avocado"
Anemia,"Pizza, Tea, Cheese",940,"Low-fat Yogurt, Fish"
Hyperthyroidism,"Butter, Cheese, Energy Drinks",711,"Oats, Whole Grains, Fruits"
Hypothyroidism,"Pizza, Cream, Bread",604,"Egg Whites, Tofu, Quinoa, Avocado"
Gout,"Cheese, Bread, Butter, Noodles",1290,"Oats, Tofu"
Arthritis,"Butter, Burger, Candy, Cake",1338,"Smoothies, Egg Whites, Green Tea, Herbal Tea"
Obesity,"Butter, Energy Drinks, Cake",698,"Fish, Sweet Potatoes, Nuts"
Cardiovascular Disease,"Pasta, Pizza, Ice Cream, Energy Drinks",946,"Lean Meat, Sweet Potatoes"
Kidney Stones,"Tea, Burger, Rice",1175,"Tofu, Oats, Fruits, Green Tea"
Asthma,"Fried Chicken, Pasta",496,"Avocado, Beans, Tofu, Nuts"
Allergies,"Burger, Tea, Soda, Cheese",1572,"Herbal Tea, Egg Whites"
Osteoporosis,"Butter, Cookies, Bread, Chips",1428,"Brown Rice, Fish"
Migraine,"Cookies, Cheese",527,"Oats, Lentils, Herbal Tea"
Chronic Fatigue Syndrome,"Cake, Pasta, Energy Drinks, Burger",874,"Vegetables, Green Tea, Seeds, Whole Grains"
Crohn's Disease,"Ice Cream, Chips, Burger",1305,"Fruits, Brown Rice, Beans"
Hepatitis,"Soda, Cookies, Chips",1126,"Lean Meat, Fruits"
Liver Cirrhosis,"Noodles, Candy, Butter",1229,"Fish, Herbal Tea, Lentils, Nuts"
Epilepsy,"Coffee, Chips, Pasta, Chocolate",1197,"Egg Whites, Oats"
Depression,"Tea, Coffee, Butter, Candy",1797,"Brown Rice, Avocado"
Anxiety,"Chips, Ice Cream, Soda, Coffee, Rice",1734,"Fish, Whole Grains"
Psoriasis,"Cake, Energy Drinks, Coffee, Cheese, Tea",1433,"Lean Meat, Herbal Tea, Sweet Potatoes"
Eczema,"Noodles, Ice Cream, Pizza, Bread",1414,"Tofu, Green Tea"
GERD,"Tea, Chips, Soda",1285,"Sweet Potatoes, Nuts, Tofu, Egg Whites"
Ulcerative Colitis,"Cream, Noodles, Chips, Coffee",1501,"Seeds, Whole Grains"
Parkinson's Disease,"Coffee, Soda, Burger, Cream",1530,"Lentils, Tofu"
Alzheimer's Disease,"Rice, Cake, Burger",700,"Beans, Tofu"
COPD,"Fried Chicken, Cake, Energy Drinks",627,"Seeds, Lentils"
Tuberculosis,"Soda, Bread, Rice, Energy Drinks, Cookies",1214,"Whole Grains, Fruits, Lentils"
Dengue,"Pasta, Soda, Cookies",891,"Avocado, Brown Rice, Fish"
Malaria,"Rice, Pizza, Coffee",839,"Green Tea, Low-fat Yogurt"
Pneumonia,"Candy, Butter, Bread",929,"Nuts, Herbal Tea, Beans, Oats"
Thalassemia,"Rice, Cookies, Chocolate, Fried Chicken",1115,"Beans, Low-fat Yogurt, Egg Whites"
HIV/AIDS,"Cream, Chocolate",374,"Fish, Beans, Whole Grains"
Cancer,"Burger, Coffee, Candy",1288,"Whole Grains, Egg Whites"
Lupus,"Cream, Cheese, Chips",597,"Lentils, Low-fat Yogurt"
Multiple Sclerosis,"Chocolate, Cake",334,"Sweet Potatoes, Vegetables, Herbal Tea"
Endometriosis,"Cake, Tea, Rice, Burger",1274,"Lean Meat, Seeds, Tofu"
Polycystic Ovary Syndrome,"Candy, Cream, Soda",766,"Brown Rice, Oats, Sweet Potatoes, Vegetables"
Autism Spectrum Disorder,"Rice, Tea, Chips, Fried Chicken",1385,"Fruits, Low-fat Yogurt"
ADHD,"Chips, Bread, Rice, Butter, Energy Drinks",1236,"Fruits, Egg Whites, Sweet Potatoes"
Dyslexia,"Butter, Coffee, Cream",1100,"Tofu, Egg Whites"
Cystic Fibrosis,"Coffee, Cheese, Ice Cream, Candy",1317,"Brown Rice, Low-fat Yogurt"
Glaucoma,"Burger, Chips, Fried Chicken, Cake, Pasta",1462,"Oats, Egg Whites"
Cataracts,"Noodles, Energy Drinks",654,"Lentils, Sweet Potatoes, Nuts"
Macular Degeneration,"Coffee, Fried Chicken",890,"Whole Grains, Nuts, Quinoa"
Hemophilia,"Pasta, Rice, Chocolate, Soda",791,"Seeds, Tofu"
Sickle Cell Anemia,"Pizza, Cake, Chocolate, Cream",727,"Vegetables, Egg Whites"
Huntington's Disease,"Coffee, Soda, Cheese, Pasta, Tea",1667,"Sweet Potatoes, Fish, Beans, Seeds"
Vertigo,"Chips, Coffee, Energy Drinks, Butter",1450,"Nuts, Lentils"
Tinnitus,"Coffee, Burger",1026,"Herbal Tea, Low-fat Yogurt, Fruits, Avocado"
Sleep Apnea,"Bread, Cheese, Tea",897,"Lentils, Oats"
Chronic Kidney Disease,"Tea, Chips",920,"Lean Meat, Whole Grains, Brown Rice, Fruits"
Pancreatitis,"Coffee, Noodles, Chips",1362,"Smoothies, Lean Meat, Vegetables"
Gallstones,"Ice Cream, Cheese",550,"Green Tea, Oats"
Sepsis,"Chips, Butter, Pasta",913,"Green Tea, Herbal Tea"
Lyme Disease,"Coffee, Chips, Cheese",963,"Nuts, Green Tea, Avocado, Smoothies"
Measles,"Pizza, Candy, Chips, Burger, Ice Cream",1821,"Vegetables, Oats, Brown Rice, Herbal Tea"
Mumps,"Butter, Ice Cream",894,"Low-fat Yogurt, Avocado, Oats"
Rubella,"Burger, Coffee, Cookies",1441,"Smoothies, Lean Meat, Herbal Tea, Sweet Potatoes"
Chickenpox,"Butter, Pasta",567,"Smoothies, Low-fat Yogurt"
Shingles,"Burger, Cheese, Noodles, Chips, Tea",2064,"Fish, Smoothies, Oats, Lean Meat"
Influenza,"Rice, Energy Drinks, Cake, Soda, Ice Cream",1125,"Oats, Vegetables, Tofu, Lentils"
Common Cold,"Butter, Candy, Ice Cream, Noodles, Coffee",2172,"Avocado, Smoothies, Nuts, Tofu"
COVID-19,"Chocolate, Pizza, Fried Chicken, Soda",1239,"Whole Grains, Quinoa, Oats"
Diabetes,"Pasta, Cookies, Pizza, Ice Cream, Bread",1429,"Herbal Tea, Fruits, Oats, Quinoa"
Hypertension,"Bread, Cake, Burger",831,"Fish, Lean Meat"
Celiac Disease,"Coffee, Pasta, Bread",827,"Lentils, Fruits, Whole Grains"
Lactose Intolerance,"Cream, Energy Drinks, Noodles",793,"Egg Whites, Quinoa"
Irritable Bowel Syndrome,"Rice, Butter",536,"Brown Rice, Sweet Potatoes, Fish, Quinoa"
Anemia,"Rice, Coffee, Fried Chicken, Cheese",1082,"Vegetables, Nuts, Oats, Green Tea"
Hyperthyroidism,"Coffee, Pasta, Butter, Chips, Burger",1939,"Smoothies, Herbal Tea, Avocado, Green Tea"
Hypothyroidism,"Chocolate, Soda",600,"Low-fat Yogurt, Smoothies, Green Tea, Seeds"
Gout,"Ice Cream, Pasta, Chocolate, Tea",1358,"Fish, Smoothies"
Arthritis,"Energy Drinks, Butter",599,"Lentils, Fish"
Obesity,"Fried Chicken, Rice, Cookies, Chips",1226,"Vegetables, Fruits"
Cardiovascular Disease,"Pasta, Soda, Cake, Cookies",990,"Fish, Nuts"
Kidney Stones,"Fried Chicken, Soda, Burger",1271,"Lean Meat, Sweet Potatoes, Nuts, Whole Grains"
Asthma,"Rice, Soda, Pasta, Chips",902,"Tofu, Seeds"
Allergies,"Bread, Fried Chicken, Ice Cream, Pasta",1145,"Smoothies, Low-fat Yogurt, Oats, Vegetables"
Osteoporosis,"Rice, Ice Cream, Cream, Butter",1113,"Tofu, Whole Grains"
Migraine,"Coffee, Burger, Noodles",1537,"Oats, Green Tea, Beans"
Chronic Fatigue Syndrome,"Cream, Energy Drinks, Butter",738,"Seeds, Whole Grains, Nuts"
Crohn's Disease,"Chips, Cream, Chocolate, Cake, Soda",1184,"Low-fat Yogurt, Lentils, Quinoa"
Hepatitis,"Ice Cream, Energy Drinks, Chocolate, Soda, Pizza",1435,"Herbal Tea, Fish, Lentils, Egg Whites"
Liver Cirrhosis,"Tea, Soda",939,"Whole Grains, Fish"
Epilepsy,"Cream, Fried Chicken, Cookies",939,"Lean Meat, Smoothies, Low-fat Yogurt"
Depression,"Butter, Chips",802,"Seeds, Whole Grains, Vegetables, Brown Rice"
Anxiety,"Chips, Tea, Cake, Pizza",1273,"Low-fat Yogurt, Green Tea, Lentils"
